mode,hit_rate,mrr,avg_latency_ms
keyword,0.7755555555555556,0.5917407407407408,0.8487989066669854
vector,0.6577777777777778,0.4831111111111114,32.4345709288888
hybrid,0.8155555555555556,0.5946296296296298,22.55007724222234
rerank,0.9111111111111111,0.7684814814814814,184.15808237333331
