variant,hit_rate,mrr,avg_rewrite_latency_ms,avg_tokens_per_rewrite,total_cost_usd
original,0.9111111111111111,0.7684814814814814,0,0,0
rewritten,0.7555555555555555,0.5805555555555556,1383.6686074311133,210.90444444444444,0.0191037
