variant,hit_rate,mrr,avg_rewrite_latency_ms,avg_tokens_per_rewrite,total_cost_usd
original,0.9111111111111111,0.7684814814814814,0,0,0
rewritten,0.7533333333333333,0.5859629629629631,1660.263184737777,210.98222222222222,0.0191247
